ID,Ebene,Struktur,Block,Feld,Text,Neu/Kommentar
home/title,1,The Principle,page,title,The Principle,
home/eyebrow,2,    · Eyebrow,page,eyebrow,The map,
home/h1,2,    · Überschrift,page,h1,The TournaQ Principle,
home/lead,2,    · Lead,page,lead,Every path through the app starts in the same place and ends on a scorecard. What changes in between is how much structure you want around the game. Tap any node to read what it does.,
home/b0,2,    ▸ Flow-Diagramm (im Code gezeichnet),flow,spec,principle,
home/b1/label,2,    ── Abschnitt: Inside the Arena: two ways to compete,sect,label,Inside the Arena: two ways to compete,
home/b2,2,    ▸ Karten-Grid,grid,grid,(2 Karten),
home/b2/c0/label,3,        • Team Competitions,card,label,Team Competitions,
home/b2/c0/cap,4,"            · Players arrive with their partner. Leagues, eliminations, TournaQ Classic, Swiss.",card,cap,"Players arrive with their partner. Leagues, eliminations, TournaQ Classic, Swiss.",
home/b2/c1/label,3,        • Scramble Competitions,card,label,Scramble Competitions,
home/b2/c1/cap,4,"            · Everyone signs up alone. TournaQ keeps redrawing who you play with, all session.",card,cap,"Everyone signs up alone. TournaQ keeps redrawing who you play with, all session.",
home/b3/label,2,    ── Abschnitt: All eight modes,sect,label,All eight modes,
home/b4,2,    ▸ Karten-Grid,grid,grid,(8 Karten),
home/b4/c0/label,3,        • League,card,label,League,
home/b4/c0/cap,4,"            · Round robin, one or two legs.",card,cap,"Round robin, one or two legs.",
home/b4/c1/label,3,        • Eliminations,card,label,Eliminations,
home/b4/c1/cap,4,            · Single or double elimination.,card,cap,Single or double elimination.,
home/b4/c2/label,3,        • TournaQ Classic,card,label,TournaQ Classic,
home/b4/c2/cap,4,            · Group stage into knockout tiers.,card,cap,Group stage into knockout tiers.,
home/b4/c3/label,3,        • Swiss System,card,label,Swiss System,
home/b4/c3/cap,4,            · Paired each round by score.,card,cap,Paired each round by score.,
home/b4/c4/label,3,        • Social Scramble,card,label,Social Scramble,
home/b4/c4/cap,4,"            · Timed rounds, teams redrawn every time.",card,cap,"Timed rounds, teams redrawn every time.",
home/b4/c5/label,3,        • Scramble King,card,label,Scramble King,
home/b4/c5/cap,4,            · King of the court with a partner for the round.,card,cap,King of the court with a partner for the round.,
home/b4/c6/label,3,        • King of the Court,card,label,King of the Court,
home/b4/c6/cap,4,"            · Hold the court, new partner every stint.",card,cap,"Hold the court, new partner every stint.",
home/b4/c7/label,3,        • Doghouse,card,label,Doghouse,
home/b4/c7/cap,4,            · Score side-outs to escape.,card,cap,Score side-outs to escape.,
home/b5/title,2,    ▸ Note: Draft note · scope,note,title,Draft note · scope,
home/b5/body,3,        · Notiztext,note,body,"This page replaces the current two-panel Principle screen. The existing panels become the <b>flow map</b> above; everything else is new depth reached by tapping a node. Nothing here navigates <b>into</b> the app — the guide stays a place to read, which is the rule the current explainers already follow.",
administration/title,1,Administration,page,title,Administration,
administration/eyebrow,2,    · Eyebrow,page,eyebrow,Step 1 · optional,
administration/h1,2,    · Überschrift,page,h1,Administration,
administration/lead,2,    · Lead,page,lead,"Everything you set up once, so you never type it twice. Skip it entirely and add people as you go — Administration only pays off from the second session onwards.",
administration/b0/badge,2,    ▸ Panel: Administration,panel,badge,Administration,
administration/b0/sub,3,        · Unterzeile,panel,sub,"Three areas, one shared address book.",
administration/b0/i0/label,3,        • Players,item,label,Players,
administration/b0/i0/cap,4,"            · Name, and whatever else you want on record.",item,cap,"Name, and whatever else you want on record.",
administration/b0/i1/label,3,        • Teams,item,label,Teams,
administration/b0/i1/cap,4,            · Fixed pairings for the bracket modes.,item,cap,Fixed pairings for the bracket modes.,
administration/b0/i2/label,3,        • Groups,item,label,Groups,
administration/b0/i2/cap,4,"            · Clubs, levels, courses — used to filter rosters later.",item,cap,"Clubs, levels, courses — used to filter rosters later.",
administration/b1/label,2,    ── Abschnitt: Two ways to fill it,sect,label,Two ways to fill it,
administration/b2/badge,2,    ▸ Panel: By hand,panel,badge,By hand,
administration/b2/sub,3,        · Unterzeile,panel,sub,Fine for a handful of people.,
administration/b2/i0/label,3,        • Add a player,item,label,Add a player,
administration/b2/i0/cap,4,"            · One at a time, straight into the list.",item,cap,"One at a time, straight into the list.",
administration/b2/i1/label,3,        • Edit or remove,item,label,Edit or remove,
administration/b2/i1/cap,4,"            · Fix a name, retire a player, move someone between groups.",item,cap,"Fix a name, retire a player, move someone between groups.",
administration/b3/badge,2,    ▸ Panel: By spreadsheet,panel,badge,By spreadsheet,
administration/b3/sub,3,        · Unterzeile,panel,sub,The fast lane for a whole club.,
administration/b3/i0/label,3,        • Download template,step,label,Download template,
administration/b3/i0/cap,4,            · An XLS with the right columns already in place.,step,cap,An XLS with the right columns already in place.,
administration/b3/i1/label,3,        • Fill it in,step,label,Fill it in,
administration/b3/i1/cap,4,"            · Players, teams and groups in one file — type or paste from wherever your list already lives.",step,cap,"Players, teams and groups in one file — type or paste from wherever your list already lives.",
administration/b3/i2/label,3,        • Import it back,step,label,Import it back,
administration/b3/i2/cap,4,            · TournaQ reads the file and creates everything it finds.,step,cap,TournaQ reads the file and creates everything it finds.,
administration/b3/i3/label,3,        • Ready to use,step,label,Ready to use,
administration/b3/i3/cap,4,            · Your roster is available to every tournament from now on.,step,cap,Your roster is available to every tournament from now on.,
administration/b4/title,2,    ▸ Box: It is a round trip,fbox,title,It is a round trip,
administration/b4/body,3,        · Fließtext,fbox,body,"Export, edit, import. The same template carries your data out and back in, so a season of changes never has to be retyped inside the app.",
administration/b5/label,2,    ── Abschnitt: What it feeds,sect,label,What it feeds,
administration/b6/title,2,    ▸ Box: Tournament Setup,fbox,title,Tournament Setup,
administration/b6/body,3,        · Fließtext,fbox,body,"Every setup sheet pulls from here. Filter by group, search by name, or add the whole group with one tap — instead of typing twenty names at the side of a court.",
administration/b7/title,2,    ▸ Box: Why it is worth it,fbox,title,Why it is worth it,
administration/b7/l0/title,3,"        • Set up a tournament in seconds, not minutes",fbox-line,title,"Set up a tournament in seconds, not minutes",
administration/b7/l1/title,3,"        • Same names, same spelling, every session",fbox-line,title,"Same names, same spelling, every session",
administration/b7/l2/title,3,        • Groups keep big rosters manageable,fbox-line,title,Groups keep big rosters manageable,
administration/b7/l3/title,3,        • Results stay attached to real people over time,fbox-line,title,Results stay attached to real people over time,
arena/title,1,TournaQ Arena,page,title,TournaQ Arena,
arena/eyebrow,2,    · Eyebrow,page,eyebrow,Step 2,
arena/h1,2,    · Überschrift,page,h1,TournaQ Arena,
arena/lead,2,    · Lead,page,lead,"The Arena is the one place where you choose what you are about to run. Every mode in the app lives behind this screen, sorted by what kind of session you want.",
arena/b0/badge,2,    ▸ Panel: Styles,panel,badge,Styles,
arena/b0/sub,3,        · Unterzeile,panel,sub,What the modes are built for.,
arena/b0/i0/label,3,        • Sports,item,label,Sports,
arena/b0/i0/cap,4,"            · Classic volleyball, footvolley, and any sport that counts the same way.",item,cap,"Classic volleyball, footvolley, and any sport that counts the same way.",
arena/b0/i1/label,3,        • Team sizes,item,label,Team sizes,
arena/b0/i1/cap,4,            · Anything from 2 to 6 players a side.,item,cap,Anything from 2 to 6 players a side.,
arena/b1/label,2,    ── Abschnitt: Then: how long is it?,sect,label,Then: how long is it?,
arena/b2,2,    ▸ Karten-Grid,grid,grid,(2 Karten),
arena/b2/c0/label,3,        • Standalone game,card,label,Standalone game,
arena/b2/c0/cap,4,"            · One match, no structure around it. That is Quick Game.",card,cap,"One match, no structure around it. That is Quick Game.",
arena/b2/c1/label,3,        • A tournament,card,label,A tournament,
arena/b2/c1/cap,4,"            · A session with rounds, standings and a schedule.",card,cap,"A session with rounds, standings and a schedule.",
arena/b3/label,2,    ── Abschnitt: And: who shows up?,sect,label,And: who shows up?,
arena/b4,2,    ▸ Karten-Grid,grid,grid,(2 Karten),
arena/b4/c0/label,3,        • Team Competitions / Brackets,card,label,Team Competitions / Brackets,
arena/b4/c0/cap,4,            · Classic tournament modes where players arrive with their partner.,card,cap,Classic tournament modes where players arrive with their partner.,
arena/b4/c1/label,3,        • Scramble Competitions,card,label,Scramble Competitions,
arena/b4/c1/cap,4,            · TournaQ scrambles the pool so you play with and against as many people as possible.,card,cap,TournaQ scrambles the pool so you play with and against as many people as possible.,
arena/b5/title,2,    ▸ Box: Every mode comes with the scorecard it needs,fbox,title,Every mode comes with the scorecard it needs,
arena/b5/body,3,        · Fließtext,fbox,body,"Team competitions get the classic scorecard with sets and target points. The scramble competitions get one of two, depending on how the round is scored — the timed card, or the one that shows the queue.",
arena/b5/l0/title,3,        • Classic scorecard,fbox-line,title,Classic scorecard,
arena/b5/l0/body,4,"            · Leagues, eliminations, TournaQ Classic, Swiss, Quick Game",fbox-line,body,"Leagues, eliminations, TournaQ Classic, Swiss, Quick Game",
arena/b5/l1/title,3,        • Scramble scorecard,fbox-line,title,Scramble scorecard,
arena/b5/l1/body,4,"            · Social Scramble, Scramble King",fbox-line,body,"Social Scramble, Scramble King",
arena/b5/l2/title,3,        • Queue scorecard,fbox-line,title,Queue scorecard,
arena/b5/l2/body,4,"            · King of the Court, Doghouse",fbox-line,body,"King of the Court, Doghouse",
quick-game/title,1,Quick Game,page,title,Quick Game,
quick-game/eyebrow,2,    · Eyebrow,page,eyebrow,Standalone,
quick-game/h1,2,    · Überschrift,page,h1,Quick Game,
quick-game/lead,2,    · Lead,page,lead,"When you just need a scorecard. No roster, no schedule, no setup to undo afterwards.",
quick-game/b0/badge,2,    ▸ Panel: The whole flow,panel,badge,The whole flow,
quick-game/b0/i0/label,3,        • TournaQ Arena,step,label,TournaQ Arena,
quick-game/b0/i0/cap,4,            · The same screen the tournaments start from.,step,cap,The same screen the tournaments start from.,
quick-game/b0/i1/label,3,        • Quick Game,step,label,Quick Game,
quick-game/b0/i1/cap,4,"            · Name the two sides, set the format, done.",step,cap,"Name the two sides, set the format, done.",
quick-game/b0/i2/label,3,        • Scorecard,step,label,Scorecard,
quick-game/b0/i2/cap,4,            · Start counting.,step,cap,Start counting.,
quick-game/b1/title,2,    ▸ Box: Nothing to clean up afterwards,fbox,title,Nothing to clean up afterwards,
quick-game/b1/body,3,        · Fließtext,fbox,body,"A quick game is a game, not a tournament. It still lands in your history, so a casual match you decided to keep is not lost.",
quick-game/b1/l0/title,3,        • Running in seconds,fbox-line,title,Running in seconds,
quick-game/b1/l0/body,4,            · Two names and a target score is all it needs,fbox-line,body,Two names and a target score is all it needs,
quick-game/b1/l1/title,3,        • Any format,fbox-line,title,Any format,
quick-game/b1/l1/body,4,"            · Same team sizes, sets and target points as the tournament scorecard",fbox-line,body,"Same team sizes, sets and target points as the tournament scorecard",
tournament-hub/title,1,Tournament Hub,page,title,Tournament Hub,
tournament-hub/eyebrow,2,    · Eyebrow,page,eyebrow,Step 3,
tournament-hub/h1,2,    · Überschrift,page,h1,Tournament Hub,
tournament-hub/lead,2,    · Lead,page,lead,"Where a tournament is built. Pick the mode, bring the people in, say how much time and how many courts you have — TournaQ works out the rest.",
tournament-hub/b0/badge,2,    ▸ Panel: Setting one up,panel,badge,Setting one up,
tournament-hub/b0/i0/label,3,        • Pick the mode,step,label,Pick the mode,
tournament-hub/b0/i0/cap,4,"            · League, elimination, Classic, Swiss, or one of the scrambles.",step,cap,"League, elimination, Classic, Swiss, or one of the scrambles.",
tournament-hub/b0/i1/label,3,        • Bring in the players,step,label,Bring in the players,
tournament-hub/b0/i1/cap,4,"            · Pull them from Administration — filter by group, search, or add the whole group at once — or type in new ones on the spot.",step,cap,"Pull them from Administration — filter by group, search, or add the whole group at once — or type in new ones on the spot.",
tournament-hub/b0/i2/label,3,        • Courts and format,step,label,Courts and format,
tournament-hub/b0/i2/cap,4,"            · How many courts, how big the teams, how long a game lasts.",step,cap,"How many courts, how big the teams, how long a game lasts.",
tournament-hub/b0/i3/label,3,        • Rounds and timing,step,label,Rounds and timing,
tournament-hub/b0/i3/cap,4,            · TournaQ builds the schedule and puts every game into a slot.,step,cap,TournaQ builds the schedule and puts every game into a slot.,
tournament-hub/b0/i4/label,3,        • Start,step,label,Start,
tournament-hub/b0/i4/cap,4,            · The tournament opens and the first games are ready to score.,step,cap,The tournament opens and the first games are ready to score.,
tournament-hub/b1/title,2,    ▸ Box: Run the same thing again,fbox,title,Run the same thing again,
tournament-hub/b1/body,3,        · Fließtext,fbox,body,"Copy a finished tournament and you get the same participants and the same settings, ready for next week — one tap instead of the whole setup.",
tournament-hub/b2/title,2,    ▸ Note: Draft note · the shortcut,note,title,Draft note · the shortcut,
tournament-hub/b2/body,3,        · Notiztext,note,body,"Your Principle diagram draws a dashed line straight from Administration to the Hub, bypassing the Arena. That is real: a saved roster means you can start at setup. The map on the home page keeps it dashed for exactly that reason.",
tournament/title,1,Running a Tournament,page,title,Running a Tournament,
tournament/eyebrow,2,    · Eyebrow,page,eyebrow,Step 4,
tournament/h1,2,    · Überschrift,page,h1,Running a tournament,
tournament/lead,2,    · Lead,page,lead,"Once it starts, the tournament screen is your control desk. Twelve things it does for you, grouped by what they are actually for.",
tournament/b0/badge,2,    ▸ Panel: Keeping time,panel,badge,Keeping time,
tournament/b0/sub,3,        · Unterzeile,panel,sub,The reason a session finishes when you said it would.,
tournament/b0/i0/label,3,        • Schedules,item,label,Schedules,
tournament/b0/i0/cap,4,"            · Every single game gets a time slot, so you always know what is left.",item,cap,"Every single game gets a time slot, so you always know what is left.",
tournament/b0/i1/label,3,        • Pace controls,item,label,Pace controls,
tournament/b0/i1/cap,4,"            · Optional. Shows you and the players when something is running early or late, while you can still react.",item,cap,"Optional. Shows you and the players when something is running early or late, while you can still react.",
tournament/b0/i2/label,3,        • Court allocations,item,label,Court allocations,
tournament/b0/i2/cap,4,"            · Who plays when and where, at a glance. Open and close courts as they become available.",item,cap,"Who plays when and where, at a glance. Open and close courts as they become available.",
tournament/b1/badge,2,    ▸ Panel: Keeping people in it,panel,badge,Keeping people in it,
tournament/b1/sub,3,        · Unterzeile,panel,sub,Sessions never survive contact with real life unchanged.,
tournament/b1/i0/label,3,        • Team and player management,item,label,Team and player management,
tournament/b1/i0/cap,4,"            · Swap or eject teams mid-tournament. In scramble competitions, add or pause players without breaking the queue.",item,cap,"Swap or eject teams mid-tournament. In scramble competitions, add or pause players without breaking the queue.",
tournament/b1/i1/label,3,        • Start serving suggestions,item,label,Start serving suggestions,
tournament/b1/i1/cap,4,            · TournaQ fairly suggests who serves first in every game across the tournament.,item,cap,TournaQ fairly suggests who serves first in every game across the tournament.,
tournament/b1/i2/label,3,        • Referee suggestions,item,label,Referee suggestions,
tournament/b1/i2/cap,4,"            · And who referees, drawn fairly from whoever is free.",item,cap,"And who referees, drawn fairly from whoever is free.",
tournament/b2/badge,2,    ▸ Panel: Keeping control,panel,badge,Keeping control,
tournament/b2/sub,3,        · Unterzeile,panel,sub,Nothing is locked in once it starts.,
tournament/b2/i0/label,3,        • Tournament overview,item,label,Tournament overview,
tournament/b2/i0/cap,4,            · The whole state on one screen. Adjust settings where you need to.,item,cap,The whole state on one screen. Adjust settings where you need to.,
tournament/b2/i1/label,3,        • Scorecards with context,item,label,Scorecards with context,
tournament/b2/i1/cap,4,            · Every game carries its own scorecard with the tournament data already on it.,item,cap,Every game carries its own scorecard with the tournament data already on it.,
tournament/b3/badge,2,    ▸ Panel: Afterwards,panel,badge,Afterwards,
tournament/b3/sub,3,        · Unterzeile,panel,sub,What the session leaves behind.,
tournament/b3/i0/label,3,        • Scorecard sharing,item,label,Scorecard sharing,
tournament/b3/i0/cap,4,"            · Hand scorecards to other devices and collect the results back. Paperless, and it works offline.",item,cap,"Hand scorecards to other devices and collect the results back. Paperless, and it works offline.",
tournament/b3/i1/label,3,        • Copy tournament,item,label,Copy tournament,
tournament/b3/i1/cap,4,"            · Same people, same settings, new session.",item,cap,"Same people, same settings, new session.",
tournament/b3/i2/label,3,        • XLS export,item,label,XLS export,
tournament/b3/i2/cap,4,"            · The full data set, out of the app, for whatever you do with it next.",item,cap,"The full data set, out of the app, for whatever you do with it next.",
tournament/b3/i3/label,3,        • XLS results import,item,label,XLS results import,
tournament/b3/i3/cap,4,            · Or track results in the exported sheet and read them back in.,item,cap,Or track results in the exported sheet and read them back in.,
tournament/b4/title,2,    ▸ Box: Built to work without signal,fbox,title,Built to work without signal,
tournament/b4/body,3,        · Fließtext,fbox,body,"Courts are outdoors and the wifi is somebody else’s problem. Scheduling, scoring and sharing all work with no connection at all.",
scorecards/title,1,Scorecards,page,title,Scorecards,
scorecards/eyebrow,2,    · Eyebrow,page,eyebrow,Step 5,
scorecards/h1,2,    · Überschrift,page,h1,Scorecards,
scorecards/lead,2,    · Lead,page,lead,"Where every path lands. Three of them, because a bracket final, a timed scramble round and a king-of-the-court stint do not need the same controls.",
scorecards/b0,2,    ▸ Karten-Grid,grid,grid,(3 Karten),
scorecards/b0/c0/label,3,        • Classic scorecard,card,label,Classic scorecard,
scorecards/b0/c0/cap,4,"            · Sets, target points, side switches. For bracket modes and Quick Game.",card,cap,"Sets, target points, side switches. For bracket modes and Quick Game.",
scorecards/b0/c1/label,3,        • Scramble scorecard,card,label,Scramble scorecard,
scorecards/b0/c1/cap,4,            · Timed rounds instead of sets. For Social Scramble and Scramble King.,card,cap,Timed rounds instead of sets. For Social Scramble and Scramble King.,
scorecards/b0/c2/label,3,        • Queue scorecard,card,label,Queue scorecard,
scorecards/b0/c2/cap,4,            · The court plus who is waiting. For King of the Court and Doghouse.,card,cap,The court plus who is waiting. For King of the Court and Doghouse.,
scorecards/b1/title,2,    ▸ Box: And one way to hand them over,fbox,title,And one way to hand them over,
scorecards/b1/body,3,        · Fließtext,fbox,body,Any scorecard can leave your device and come back with a result on it.,
scorecards/b1/l0/title,3,        • Exported scorecard,fbox-line,title,Exported scorecard,
scorecards/b1/l0/body,4,            · Let somebody else run the game on their own phone,fbox-line,body,Let somebody else run the game on their own phone,
sc-classic/title,1,Classic Scorecard,page,title,Classic Scorecard,
sc-classic/eyebrow,2,    · Eyebrow,page,eyebrow,Scorecard,
sc-classic/h1,2,    · Überschrift,page,h1,Classic scorecard,
sc-classic/lead,2,    · Lead,page,lead,"The full match scorecard: sets, target points and side switches, for every mode where two fixed teams play a match out.",
sc-classic/b0/badge,2,    ▸ Panel: What it does,panel,badge,What it does,
sc-classic/b0/i0/label,3,        • Points match history,item,label,Points match history,
sc-classic/b0/i0/cap,4,            · Counts and shows every point made by either team during their service.,item,cap,Counts and shows every point made by either team during their service.,
sc-classic/b0/i1/label,3,        • Serving change automation,item,label,Serving change automation,
sc-classic/b0/i1/cap,4,"            · Tells you whose serve it is, at any moment.",item,cap,"Tells you whose serve it is, at any moment.",
sc-classic/b0/i2/label,3,        • Variable target sets,item,label,Variable target sets,
sc-classic/b0/i2/cap,4,"            · 1, 3, 5 or any custom number of sets to win.",item,cap,"1, 3, 5 or any custom number of sets to win.",
sc-classic/b0/i3/label,3,        • Variable target points,item,label,Variable target points,
sc-classic/b0/i3/cap,4,"            · 15, 18, 21 or your own number — win by two.",item,cap,"15, 18, 21 or your own number — win by two.",
sc-classic/b0/i4/label,3,        • Side switch automation,item,label,Side switch automation,
sc-classic/b0/i4/cap,4,"            · Reminds you to change ends and swaps the counter with you, so nobody loses track.",item,cap,"Reminds you to change ends and swaps the counter with you, so nobody loses track.",
sc-classic/b0/i5/label,3,        • Gesture side switch,item,label,Gesture side switch,
sc-classic/b0/i5/cap,4,            · Or turn the automation off and swap sides yourself with a gesture.,item,cap,Or turn the automation off and swap sides yourself with a gesture.,
sc-classic/b1/title,2,    ▸ Box: Used by,fbox,title,Used by,
sc-classic/b1/body,3,        · Fließtext,fbox,body,"League, Single and Double Elimination, TournaQ Classic, Swiss System — and Quick Game.",
sc-scramble/title,1,Scramble Scorecard,page,title,Scramble Scorecard,
sc-scramble/eyebrow,2,    · Eyebrow,page,eyebrow,Scorecard,
sc-scramble/h1,2,    · Überschrift,page,h1,Scramble scorecard,
sc-scramble/lead,2,    · Lead,page,lead,"The same counting, on a clock. Scramble rounds end when time runs out, not when somebody reaches a number — so sets and target points come off the card.",
sc-scramble/b0/badge,2,    ▸ Panel: What it does,panel,badge,What it does,
sc-scramble/b0/i0/label,3,        • Points match history,item,label,Points match history,
sc-scramble/b0/i0/cap,4,            · Counts and shows every point made by either team during their service.,item,cap,Counts and shows every point made by either team during their service.,
sc-scramble/b0/i1/label,3,        • Serving change automation,item,label,Serving change automation,
sc-scramble/b0/i1/cap,4,"            · Tells you whose serve it is, at any moment.",item,cap,"Tells you whose serve it is, at any moment.",
sc-scramble/b0/i2/label,3,        • Gesture side switch,item,label,Gesture side switch,
sc-scramble/b0/i2/cap,4,"            · Swap sides yourself, with a gesture, whenever you want.",item,cap,"Swap sides yourself, with a gesture, whenever you want.",
sc-scramble/b0/i3/label,3,        • Game timer,item,label,Game timer,
sc-scramble/b0/i3/cap,4,"            · The round runs to a hard time limit. When it ends, everyone regroups.",item,cap,"The round runs to a hard time limit. When it ends, everyone regroups.",
sc-scramble/b1/title,2,    ▸ Box: Why the timer decides,fbox,title,Why the timer decides,
sc-scramble/b1/body,3,        · Fließtext,fbox,body,"Every court has to finish together, or the next scramble cannot be drawn. The clock keeps the whole session in step.",
sc-scramble/b2/title,2,    ▸ Box: Used by,fbox,title,Used by,
sc-scramble/b2/body,3,        · Fließtext,fbox,body,Social Scramble and Scramble King.,
sc-queue/title,1,Queue Scorecard,page,title,Queue Scorecard,
sc-queue/eyebrow,2,    · Eyebrow,page,eyebrow,Scorecard,
sc-queue/h1,2,    · Überschrift,page,h1,Queue scorecard,
sc-queue/lead,2,    · Lead,page,lead,"Half scorecard, half waiting list. It shows the court and the queue behind it, because in queue modes the next players matter as much as the current score.",
sc-queue/b0/badge,2,    ▸ Panel: What it does,panel,badge,What it does,
sc-queue/b0/i0/label,3,"        • The queue, live",item,label,"The queue, live",
sc-queue/b0/i0/cap,4,"            · Who is on, who is admin, when the handover is, and who is up next to challenge — laid out to match the assignment mode you chose.",item,cap,"Who is on, who is admin, when the handover is, and who is up next to challenge — laid out to match the assignment mode you chose.",
sc-queue/b0/i1/label,3,        • Score court points,item,label,Score court points,
sc-queue/b0/i1/cap,4,            · Count what the side on court is making.,item,cap,Count what the side on court is making.,
sc-queue/b0/i2/label,3,        • Eject challengers,item,label,Eject challengers,
sc-queue/b0/i2/cap,4,"            · Manually, or automatically once they have conceded enough.",item,cap,"Manually, or automatically once they have conceded enough.",
sc-queue/b0/i3/label,3,        • Eject court teams,item,label,Eject court teams,
sc-queue/b0/i3/cap,4,"            · Manually, or automatically when they win the game or concede too much.",item,cap,"Manually, or automatically when they win the game or concede too much.",
sc-queue/b0/i4/label,3,        • Game timer,item,label,Game timer,
sc-queue/b0/i4/cap,4,            · The round runs to a hard time limit.,item,cap,The round runs to a hard time limit.,
sc-queue/b1/title,2,    ▸ Box: Used by,fbox,title,Used by,
sc-queue/b1/body,3,        · Fließtext,fbox,body,King of the Court and Doghouse.,
exported/title,1,Exported Scorecard,page,title,Exported Scorecard,
exported/eyebrow,2,    · Eyebrow,page,eyebrow,Sharing,
exported/h1,2,    · Überschrift,page,h1,Exported scorecard,
exported/lead,2,    · Lead,page,lead,You cannot stand at four courts at once. Hand a scorecard to whoever is standing at the other three.,
exported/b0/badge,2,    ▸ Panel: How it works,panel,badge,How it works,
exported/b0/i0/label,3,        • Export the card,step,label,Export the card,
exported/b0/i0/cap,4,            · TournaQ turns the game — or a whole court — into a QR code.,step,cap,TournaQ turns the game — or a whole court — into a QR code.,
exported/b0/i1/label,3,        • They scan it,step,label,They scan it,
exported/b0/i1/cap,4,"            · On their own phone. No account, no install of your tournament, no connection needed.",step,cap,"On their own phone. No account, no install of your tournament, no connection needed.",
exported/b0/i2/label,3,        • They score the game,step,label,They score the game,
exported/b0/i2/cap,4,"            · A full scorecard on their side, with the right teams and format already on it.",step,cap,"A full scorecard on their side, with the right teams and format already on it.",
exported/b0/i3/label,3,        • You collect the result,step,label,You collect the result,
exported/b0/i3/cap,4,            · Scan it back and the result drops into your tournament.,step,cap,Scan it back and the result drops into your tournament.,
exported/b1/title,2,    ▸ Box: Paperless and offline,fbox,title,Paperless and offline,
exported/b1/body,3,        · Fließtext,fbox,body,"The whole exchange is two QR codes. Nothing goes through a server, so it works on a beach with no signal exactly as well as it does indoors.",
exported/b2/title,2,    ▸ Note: Draft note · direction of the arrow,note,title,Draft note · direction of the arrow,
exported/b2/body,3,        · Notiztext,note,body,"Your Principle diagram shows lines running <b>both ways</b> between Tournament and Exported Scorecard, which raised a question in the source notes. The draft treats that as correct and deliberate: the card goes out, the result comes back. It is a round trip, not a one-way export.",
brackets/title,1,Team Competitions,page,title,Team Competitions,
brackets/eyebrow,2,    · Eyebrow,page,eyebrow,Competition family,
brackets/h1,2,    · Überschrift,page,h1,Team Competitions,
brackets/lead,2,    · Lead,page,lead,"Classic tournament modes, where players show up with their partner and stay together all day. Four ways to decide who wins.",
brackets/b0,2,    ▸ Karten-Grid,grid,grid,(4 Karten),
brackets/b0/c0/label,3,        • League,card,label,League,
brackets/b0/c0/cap,4,            · Round robin with one or two legs. Everybody plays everybody.,card,cap,Round robin with one or two legs. Everybody plays everybody.,
brackets/b0/c1/label,3,        • Eliminations,card,label,Eliminations,
brackets/b0/c1/cap,4,            · Single or double elimination. Lose and you are out — or nearly.,card,cap,Single or double elimination. Lose and you are out — or nearly.,
brackets/b0/c2/label,3,        • TournaQ Classic,card,label,TournaQ Classic,
brackets/b0/c2/cap,4,"            · A qualification phase, then knockout tiers.",card,cap,"A qualification phase, then knockout tiers.",
brackets/b0/c3/label,3,        • Swiss System,card,label,Swiss System,
brackets/b0/c3/cap,4,            · Paired each round against someone on your score. No eliminations.,card,cap,Paired each round against someone on your score. No eliminations.,
brackets/b1/title,2,    ▸ Box: What they share,fbox,title,What they share,
brackets/b1/body,3,        · Fließtext,fbox,body,"Fixed teams, a full schedule, and the classic scorecard. Set them up once and TournaQ handles the rest.",
brackets/b1/l0/title,3,        • Scheduled into time slots,fbox-line,title,Scheduled into time slots,
brackets/b1/l0/body,4,            · Every game has a place in the day,fbox-line,body,Every game has a place in the day,
brackets/b1/l1/title,3,        • Court allocation,fbox-line,title,Court allocation,
brackets/b1/l1/body,4,            · Games spread across whatever courts you have,fbox-line,body,Games spread across whatever courts you have,
brackets/b1/l2/title,3,        • Teams stay together,fbox-line,title,Teams stay together,
brackets/b1/l2/body,4,            · Pull them from Administration or build them at setup,fbox-line,body,Pull them from Administration or build them at setup,
m-league/title,1,League,page,title,League,
m-league/eyebrow,2,    · Eyebrow,page,eyebrow,Team competition,
m-league/h1,2,    · Überschrift,page,h1,League,
m-league/lead,2,    · Lead,page,lead,"Round-robin standings across a full season of fixtures, with one or two legs. Everybody plays everybody, and the table decides it.",
m-league/b0/badge,2,    ▸ Panel: How it runs,panel,badge,How it runs,
m-league/b0/i0/label,3,        • Teams enter,step,label,Teams enter,
m-league/b0/i0/cap,4,"            · Fixed pairs, straight from Administration or built at setup.",step,cap,"Fixed pairs, straight from Administration or built at setup.",
m-league/b0/i1/label,3,        • Fixtures generated,step,label,Fixtures generated,
m-league/b0/i1/cap,4,"            · Every team against every other. Twice, if you pick two legs.",step,cap,"Every team against every other. Twice, if you pick two legs.",
m-league/b0/i2/label,3,        • Packed into slots,step,label,Packed into slots,
m-league/b0/i2/cap,4,"            · Fixtures fill time slots under each round, across your courts.",step,cap,"Fixtures fill time slots under each round, across your courts.",
m-league/b0/i3/label,3,        • The table decides,step,label,The table decides,
m-league/b0/i3/cap,4,"            · Points, wins and goal difference.",step,cap,"Points, wins and goal difference.",
m-league/b1/title,2,    ▸ Box: Timing stays honest mid-session,fbox,title,Timing stays honest mid-session,
m-league/b1/body,3,        · Fließtext,fbox,body,Change a court or add a break halfway through and TournaQ only re-times what has not been played. Recorded times of finished matches are never rewritten.,
m-elimination/title,1,Eliminations,page,title,Eliminations,
m-elimination/eyebrow,2,    · Eyebrow,page,eyebrow,Team competition,
m-elimination/h1,2,    · Überschrift,page,h1,Eliminations,
m-elimination/lead,2,    · Lead,page,lead,"A plain knockout. Two flavours, depending on how harsh you want the first loss to be.",
m-elimination/b0/badge,2,    ▸ Panel: Two variants,panel,badge,Two variants,
m-elimination/b0/i0/label,3,        • Single elimination,item,label,Single elimination,
m-elimination/b0/i0/cap,4,            · Lose once and you are out. Shortest possible format.,item,cap,Lose once and you are out. Shortest possible format.,
m-elimination/b0/i1/label,3,        • Double elimination,item,label,Double elimination,
m-elimination/b0/i1/cap,4,            · A loss drops you into the lower bracket. Lose twice and you are out.,item,cap,A loss drops you into the lower bracket. Lose twice and you are out.,
m-elimination/b1/title,2,    ▸ Box: Seeding,fbox,title,Seeding,
m-elimination/b1/body,3,        · Fließtext,fbox,body,Seed the bracket or let TournaQ draw it. Either way the tree is built for you and results advance automatically.,
m-elimination/b2/title,2,"    ▸ Box: Read it as a bracket, not a list",fbox,title,"Read it as a bracket, not a list",
m-elimination/b2/body,3,        · Fließtext,fbox,body,Eliminations come with a zoomable bracket canvas — the actual tree — alongside the plain match list.,
m-classic/title,1,TournaQ Classic,page,title,TournaQ Classic,
m-classic/eyebrow,2,    · Eyebrow,page,eyebrow,Team competition,
m-classic/h1,2,    · Überschrift,page,h1,TournaQ Classic,
m-classic/lead,2,    · Lead,page,lead,"The full tournament day: a qualification phase first, then knockout tiers assigned by how you did in it.",
m-classic/b0/badge,2,    ▸ Panel: How it runs,panel,badge,How it runs,
m-classic/b0/i0/label,3,        • Groups drawn,step,label,Groups drawn,
m-classic/b0/i0/cap,4,            · Teams split into groups for the qualification phase.,step,cap,Teams split into groups for the qualification phase.,
m-classic/b0/i1/label,3,        • Group stage,step,label,Group stage,
m-classic/b0/i1/cap,4,            · Round robin inside each group.,step,cap,Round robin inside each group.,
m-classic/b0/i2/label,3,        • Tier assignment,step,label,Tier assignment,
m-classic/b0/i2/cap,4,"            · Where you finish decides which knockout tier you enter — everybody keeps playing, not just the top half.",step,cap,"Where you finish decides which knockout tier you enter — everybody keeps playing, not just the top half.",
m-classic/b0/i3/label,3,        • Knockout,step,label,Knockout,
m-classic/b0/i3/cap,4,            · Tiers play out to their own finals.,step,cap,Tiers play out to their own finals.,
m-classic/b1/title,2,    ▸ Box: Why tiers,fbox,title,Why tiers,
m-classic/b1/body,3,        · Fließtext,fbox,body,Nobody drives an hour to play two games and go home. Tiers keep every team in a competition they can still win.,
m-swiss/title,1,Swiss System,page,title,Swiss System,
m-swiss/eyebrow,2,    · Eyebrow,page,eyebrow,Team competition,
m-swiss/h1,2,    · Überschrift,page,h1,Swiss System,
m-swiss/lead,2,    · Lead,page,lead,"Paired each round against someone on the same score as you. No eliminations, a full schedule for everybody, and the field sorts itself.",
m-swiss/b0/badge,2,    ▸ Panel: How it runs,panel,badge,How it runs,
m-swiss/b0/i0/label,3,        • Round 1 drawn,step,label,Round 1 drawn,
m-swiss/b0/i0/cap,4,"            · Pairings from the seeding, or at random.",step,cap,"Pairings from the seeding, or at random.",
m-swiss/b0/i1/label,3,        • Then: like against like,step,label,Then: like against like,
m-swiss/b0/i1/cap,4,"            · Every following round pairs teams by current score, so games stay close.",step,cap,"Every following round pairs teams by current score, so games stay close.",
m-swiss/b0/i2/label,3,        • As many rounds as you want,step,label,As many rounds as you want,
m-swiss/b0/i2/cap,4,"            · Take the suggested number of games, or set your own.",step,cap,"Take the suggested number of games, or set your own.",
m-swiss/b0/i3/label,3,        • Standings decide,step,label,Standings decide,
m-swiss/b0/i3/cap,4,"            · No bracket, no knockout — the table at the end is the result.",step,cap,"No bracket, no knockout — the table at the end is the result.",
m-swiss/b1/title,2,    ▸ Box: Best when the field is large,fbox,title,Best when the field is large,
m-swiss/b1/body,3,        · Fließtext,fbox,body,Swiss gets a fair ranking out of many teams in far fewer games than a full round robin would take.,
scrambles/title,1,Scramble Competitions,page,title,Scramble Competitions,
scrambles/eyebrow,2,    · Eyebrow,page,eyebrow,Competition family,
scrambles/h1,2,    · Überschrift,page,h1,Scramble Competitions,
scrambles/lead,2,    · Lead,page,lead,"Nobody needs a partner to enter. Every mode here has the same job — get as many people playing with as many different people as possible. What changes is how TournaQ gets you there, and every result is yours alone.",
scrambles/b0,2,    ▸ Karten-Grid,grid,grid,(2 Karten),
scrambles/b0/c0/label,3,        • Classic Modes,card,label,Classic Modes,
scrambles/b0/c0/cap,4,"            · Every court plays at once for a fixed round, then the whole field is redrawn.",card,cap,"Every court plays at once for a fixed round, then the whole field is redrawn.",
scrambles/b0/c1/label,3,        • Queue Modes,card,label,Queue Modes,
scrambles/b0/c1/cap,4,            · Earn your spot on court and hold it. Challengers rotate through.,card,cap,Earn your spot on court and hold it. Challengers rotate through.,
scrambles/b1/title,2,    ▸ Box: Fair by design,fbox,title,Fair by design,
scrambles/b1/body,3,        · Fließtext,fbox,body,"Both families balance court time rather than leaving it to the draw. Whoever has played least goes on next, and sitting out rotates — so the standings reflect how you played, not who you were drawn with.",
scrambles/b2/title,2,    ▸ Box: And people can arrive late or leave early,fbox,title,And people can arrive late or leave early,
scrambles/b2/l0/title,3,        • Add a player mid-session without breaking the queue,fbox-line,title,Add a player mid-session without breaking the queue,
scrambles/b2/l1/title,3,        • Pause somebody for a round — a stand-in takes the seat,fbox-line,title,Pause somebody for a round — a stand-in takes the seat,
scrambles/b2/l2/title,3,        • Rankings stay comparable across everyone,fbox-line,title,Rankings stay comparable across everyone,
classic-modes/title,1,Classic Modes,page,title,Classic Modes,
classic-modes/eyebrow,2,    · Eyebrow,page,eyebrow,Mode family,
classic-modes/h1,2,    · Überschrift,page,h1,Classic Modes,
classic-modes/lead,2,    · Lead,page,lead,"The original way to scramble. Every court plays at the same time for a fixed round, then the system redraws the whole field into new teams and does it again.",
classic-modes/b0/badge,2,    ▸ Panel: The two settings that matter most,panel,badge,The two settings that matter most,
classic-modes/b0/sub,3,        · Unterzeile,panel,sub,Everything else has a sensible default.,
classic-modes/b0/i0/label,3,        • Players,item,label,Players,
classic-modes/b0/i0/cap,4,            · Who is in the pool. Add or pause them at any point during the session.,item,cap,Who is in the pool. Add or pause them at any point during the session.,
classic-modes/b0/i1/label,3,        • Rounds,item,label,Rounds,
classic-modes/b0/i1/cap,4,"            · How many, and how long each one runs. That is your session length.",item,cap,"How many, and how long each one runs. That is your session length.",
classic-modes/b1/title,2,"    ▸ Box: What ""fairly"" means here",fbox,title,"What ""fairly"" means here",
classic-modes/b1/body,3,        · Fließtext,fbox,body,"TournaQ maximises how many different people you meet while keeping wait times even. When not everybody fits on court at once, the sitting-out rotation is balanced so nobody waits longer than anyone else.",
classic-modes/b2/label,2,    ── Abschnitt: The mode,sect,label,The mode,
classic-modes/b3,2,    ▸ Karten-Grid,grid,grid,(1 Karten),
classic-modes/b3/c0/label,3,        • Social Scramble,card,label,Social Scramble,
classic-modes/b3/c0/cap,4,"            · Teams redrawn every round, all courts play at once, wins add up.",card,cap,"Teams redrawn every round, all courts play at once, wins add up.",
m-social-scramble/title,1,Social Scramble,page,title,Social Scramble,
m-social-scramble/eyebrow,2,    · Eyebrow,page,eyebrow,Classic mode,
m-social-scramble/h1,2,    · Überschrift,page,h1,Social Scramble,
m-social-scramble/lead,2,    · Lead,page,lead,"A timed, rotating mixer where teams are redrawn every round. Nobody stays partnered for long — the whole point is to play with and against as many different people as possible.",
m-social-scramble/b0/badge,2,    ▸ Panel: How a round works,panel,badge,How a round works,
m-social-scramble/b0/i0/label,3,        • Teams are drawn,step,label,Teams are drawn,
m-social-scramble/b0/i0/cap,4,"            · Randomly, at the start of every round.",step,cap,"Randomly, at the start of every round.",
m-social-scramble/b0/i1/label,3,        • All courts play at once,step,label,All courts play at once,
m-social-scramble/b0/i1/cap,4,            · For the set match duration.,step,cap,For the set match duration.,
m-social-scramble/b0/i2/label,3,"        • Time, then a short break",step,label,"Time, then a short break",
m-social-scramble/b0/i2/cap,4,            · Before the next round is drawn.,step,cap,Before the next round is drawn.,
m-social-scramble/b0/i3/label,3,        • Wins accumulate,step,label,Wins accumulate,
m-social-scramble/b0/i3/cap,4,"            · Cumulative across all rounds — the standings are yours, not your team’s.",step,cap,"Cumulative across all rounds — the standings are yours, not your team’s.",
m-social-scramble/b1/title,2,    ▸ Box: Fair by design,fbox,title,Fair by design,
m-social-scramble/b1/body,3,        · Fließtext,fbox,body,"TournaQ schedules every player into the maximum number of rounds while keeping wait times as short as possible. When not everyone fits on court, sitting-out rotations are balanced so no player waits longer than others.",
m-social-scramble/b2/title,2,    ▸ Box: Good for,fbox,title,Good for,
m-social-scramble/b2/body,3,        · Fließtext,fbox,body,"Beach sessions, open days, and any group that wants competitive play without the pressure of a fixed bracket.",
queue-modes/title,1,Queue Modes,page,title,Queue Modes,
queue-modes/eyebrow,2,    · Eyebrow,page,eyebrow,Mode family,
queue-modes/h1,2,    · Überschrift,page,h1,Queue Modes,
queue-modes/lead,2,    · Lead,page,lead,"Earn your spot, win strikes or escape — while challengers always rotate. Three modes share one engine, and three settings decide how it feels.",
queue-modes/b0/label,2,    ── Abschnitt: Setting 1 · Who assigns the challengers,sect,label,Setting 1 · Who assigns the challengers,
queue-modes/b1/badge,2,    ▸ Panel: Assignment,panel,badge,Assignment,
queue-modes/b1/i0/label,3,        • Manual,item,label,Manual,
queue-modes/b1/i0/cap,4,            · An admin assigns the challengers. Winners move onto the court automatically.,item,cap,An admin assigns the challengers. Winners move onto the court automatically.,
queue-modes/b1/i1/label,3,        • Automated,item,label,Automated,
queue-modes/b1/i1/cap,4,            · The system works out the queue. An admin orchestrates the game but stays off court.,item,cap,The system works out the queue. An admin orchestrates the game but stays off court.,
queue-modes/b1/i2/label,3,        • Auto Allplay,item,label,Auto Allplay,
queue-modes/b1/i2/cap,4,"            · The system works out the queue, and the admins rotate in and play too.",item,cap,"The system works out the queue, and the admins rotate in and play too.",
queue-modes/b2/label,2,    ── Abschnitt: Setting 2 · What happens with an odd player,sect,label,Setting 2 · What happens with an odd player,
queue-modes/b3/badge,2,    ▸ Panel: Odd player handling,panel,badge,Odd player handling,
queue-modes/b3/i0/label,3,        • Placeholder,item,label,Placeholder,
queue-modes/b3/i0/cap,4,            · Any available player joins the short team.,item,cap,Any available player joins the short team.,
queue-modes/b3/i1/label,3,        • Jumper,item,label,Jumper,
queue-modes/b3/i1/cap,4,            · Available players rotate fairly through the round to fill the short team.,item,cap,Available players rotate fairly through the round to fill the short team.,
queue-modes/b4/label,2,    ── Abschnitt: Setting 3 · What the table is sorted by,sect,label,Setting 3 · What the table is sorted by,
queue-modes/b5/badge,2,    ▸ Panel: Standings,panel,badge,Standings,
queue-modes/b5/i0/label,3,        • Ranking points,item,label,Ranking points,
queue-modes/b5/i0/cap,4,            · Equalised points awarded by where you placed on your court each round. Score at least once and you earn at least one.,item,cap,Equalised points awarded by where you placed on your court each round. Score at least once and you earn at least one.,
queue-modes/b5/i1/label,3,        • Strikes / escapes,item,label,Strikes / escapes,
queue-modes/b5/i1/cap,4,"            · The actual games won, round by round.",item,cap,"The actual games won, round by round.",
queue-modes/b5/i2/label,3,        • Points,item,label,Points,
queue-modes/b5/i2/cap,4,"            · The actual points won while on court, round by round.",item,cap,"The actual points won while on court, round by round.",
queue-modes/b6/label,2,    ── Abschnitt: The three modes,sect,label,The three modes,
queue-modes/b7,2,    ▸ Karten-Grid,grid,grid,(3 Karten),
queue-modes/b7/c0/label,3,        • Scramble King,card,label,Scramble King,
queue-modes/b7/c0/cap,4,"            · A partner for the round, then everything reshuffles.",card,cap,"A partner for the round, then everything reshuffles.",
queue-modes/b7/c1/label,3,        • King of the Court,card,label,King of the Court,
queue-modes/b7/c1/cap,4,            · A new partner every stint. Win games by scoring strikes.,card,cap,A new partner every stint. Win games by scoring strikes.,
queue-modes/b7/c2/label,3,        • Doghouse,card,label,Doghouse,
queue-modes/b7/c2/cap,4,"            · Score a side-out to escape. Concede, and you start over.",card,cap,"Score a side-out to escape. Concede, and you start over.",
queue-modes/b8/title,2,    ▸ Box: How many courts you can run,fbox,title,How many courts you can run,
queue-modes/b8/body,3,        · Fließtext,fbox,body,"Queue modes honour the court count you set, down to a minimum number of players per court. If the roster cannot fill them, TournaQ blocks the court rather than running a broken queue.",
m-scramble-king/title,1,Scramble King,page,title,Scramble King,
m-scramble-king/eyebrow,2,    · Eyebrow,page,eyebrow,Queue mode,
m-scramble-king/h1,2,    · Überschrift,page,h1,Scramble King,
m-scramble-king/lead,2,    · Lead,page,lead,"King of the court, played as a scramble. You get a partner for the round, hold the court as long as you can win, and then the whole field reshuffles.",
m-scramble-king/b0/badge,2,    ▸ Panel: How it works,panel,badge,How it works,
m-scramble-king/b0/i0/label,3,        • Partners drawn for the round,step,label,Partners drawn for the round,
m-scramble-king/b0/i0/cap,4,            · Your partner is fixed for the round — and different in the next one.,step,cap,Your partner is fixed for the round — and different in the next one.,
m-scramble-king/b0/i1/label,3,        • Hold the court,step,label,Hold the court,
m-scramble-king/b0/i1/cap,4,            · Win and you stay. Lose and you go back to the queue.,step,cap,Win and you stay. Lose and you go back to the queue.,
m-scramble-king/b0/i2/label,3,        • The round ends on the clock,step,label,The round ends on the clock,
m-scramble-king/b0/i2/cap,4,            · Then the field is scrambled again.,step,cap,Then the field is scrambled again.,
m-scramble-king/b0/i3/label,3,        • Individual standings,step,label,Individual standings,
m-scramble-king/b0/i3/cap,4,"            · Every point and every game is credited to you, not to the pairing.",step,cap,"Every point and every game is credited to you, not to the pairing.",
m-scramble-king/b1/title,2,    ▸ Box: Referees rotate independently,fbox,title,Referees rotate independently,
m-scramble-king/b1/body,3,        · Fließtext,fbox,body,"Whoever is off court can be suggested as referee, drawn fairly and independently of the partner rotation — it does not depend on there being an odd player.",
m-scramble-king/b2/title,2,    ▸ Note: Draft note · which wording is right?,note,title,Draft note · which wording is right?,
m-scramble-king/b2/body,3,        · Notiztext,note,body,"The source diagrams disagree: one says “<b>a new partner every round</b>”, the other “<b>a fixed partner for 1 round</b>”. The draft assumes these describe the same thing from two sides — <b>fixed within the round, new in the next</b> — and words it that way. Confirm before this ships.",
m-kotc/title,1,King of the Court,page,title,King of the Court,
m-kotc/eyebrow,2,    · Eyebrow,page,eyebrow,Queue mode,
m-kotc/h1,2,    · Überschrift,page,h1,King of the Court,
m-kotc/lead,2,    · Lead,page,lead,"An individual competition across as many courts as you have. Every player queues for themselves — when your turn comes you are paired with whoever is next, so your partner changes constantly and every point, game and ranking point is yours alone.",
m-kotc/b0/badge,2,    ▸ Panel: How a game works,panel,badge,How a game works,
m-kotc/b0/i0/label,3,        • Win a rally,item,label,Win a rally,
m-kotc/b0/i0/cap,4,            · Your side scores a point.,item,cap,Your side scores a point.,
m-kotc/b0/i1/label,3,        • Reach the strike points target,item,label,Reach the strike points target,
m-kotc/b0/i1/cap,4,            · Your side wins the game and rotates off.,item,cap,Your side wins the game and rotates off.,
m-kotc/b0/i2/label,3,        • Or the organiser ejects a side,item,label,Or the organiser ejects a side,
m-kotc/b0/i2/cap,4,            · At any time. Points stand as scored.,item,cap,At any time. Points stand as scored.,
m-kotc/b0/i3/label,3,        • Ranking points by placement,item,label,Ranking points by placement,
m-kotc/b0/i3/cap,4,            · Awarded by where you finished on your court that round. Score at least one point and you earn at least one.,item,cap,Awarded by where you finished on your court that round. Score at least one point and you earn at least one.,
m-kotc/b1/title,2,    ▸ Box: How the rounds run,fbox,title,How the rounds run,
m-kotc/b1/body,3,        · Fließtext,fbox,body,"Each round mixes the whole pool into fresh courts, and within a court players cycle on and off as they win or lose. Only the side currently on court can score. When the round timer runs out, everyone is mixed again.",
m-kotc/b2/title,2,    ▸ Box: Fair by design,fbox,title,Fair by design,
m-kotc/b2/body,3,        · Fließtext,fbox,body,"The queue always draws from the players with the least court time, so everybody plays about the same amount — and because partners keep changing, the standings reflect how you played, not who you were drawn with.",
m-doghouse/title,1,Doghouse,page,title,Doghouse,
m-doghouse/eyebrow,2,    · Eyebrow,page,eyebrow,Queue mode,
m-doghouse/h1,2,    · Überschrift,page,h1,Doghouse,
m-doghouse/lead,2,    · Lead,page,lead,"The same queue, with a crueller rule. The side in the doghouse scores side-outs to escape — and one lost rally sends the count back to zero.",
m-doghouse/b0/badge,2,    ▸ Panel: How a game works,panel,badge,How a game works,
m-doghouse/b0/i0/label,3,        • Win a rally,item,label,Win a rally,
m-doghouse/b0/i0/cap,4,            · Score a side-out.,item,cap,Score a side-out.,
m-doghouse/b0/i1/label,3,        • Lose a rally,item,label,Lose a rally,
m-doghouse/b0/i1/cap,4,            · Game lost — and the side-out count resets to zero.,item,cap,Game lost — and the side-out count resets to zero.,
m-doghouse/b0/i2/label,3,        • Reach your escape points target,item,label,Reach your escape points target,
m-doghouse/b0/i2/cap,4,"            · Escaped. Back to the queue, with the win.",item,cap,"Escaped. Back to the queue, with the win.",
m-doghouse/b0/i3/label,3,        • Hit the loss limit,item,label,Hit the loss limit,
m-doghouse/b0/i3/cap,4,            · Ejected. The next players step in.,item,cap,Ejected. The next players step in.,
m-doghouse/b0/i4/label,3,        • Ranking points by placement,item,label,Ranking points by placement,
m-doghouse/b0/i4/cap,4,            · Score at least one side-out and you earn at least one ranking point.,item,cap,Score at least one side-out and you earn at least one ranking point.,
m-doghouse/b1/title,2,    ▸ Box: How the rounds run,fbox,title,How the rounds run,
m-doghouse/b1/body,3,        · Fließtext,fbox,body,"Each round mixes the whole pool into fresh courts, and within a court players cycle on and off. When the round timer runs out, everyone is mixed again.",
m-doghouse/b2/title,2,    ▸ Box: Fair by design,fbox,title,Fair by design,
m-doghouse/b2/body,3,        · Fließtext,fbox,body,"The queue always draws from the players with the least court time, so everybody plays about the same amount.",
